[{"packageName":"com.melnykov.fab","superClass":null,"className":"R","associations":[],"usages":[],"interfaces":[],"type":"CLASS"},{"packageName":"com.ns3.simplify","superClass":null,"className":"Attendance","associations":["com.ns3.simplify.ListViewAdapter"],"usages":[],"interfaces":[],"type":"CLASS"},{"packageName":"com.ns3.simplify","superClass":null,"className":"Add_class","associations":["com.ns3.simplify.Excel_sheet_access"],"usages":[],"interfaces":[],"type":"CLASS"},{"packageName":"com.nononsenseapps.filepicker","superClass":null,"className":"R","associations":[],"usages":[],"interfaces":[],"type":"CLASS"},{"packageName":"com.ns3.simplify","superClass":null,"className":"ApplicationTest","associations":[],"usages":[],"interfaces":[],"type":"CLASS"},{"packageName":"android.support.design","superClass":null,"className":"R","associations":[],"usages":[],"interfaces":[],"type":"CLASS"},{"packageName":"com.ns3.simplify.test","superClass":null,"className":"BuildConfig","associations":[],"usages":[],"interfaces":[],"type":"CLASS"},{"packageName":"android.support.v7.recyclerview","superClass":null,"className":"R","associations":[],"usages":[],"interfaces":[],"type":"CLASS"},{"packageName":"android.support.v7.appcompat","superClass":null,"className":"R","associations":[],"usages":[],"interfaces":[],"type":"CLASS"},{"packageName":"com.ns3.simplify","superClass":null,"className":"Bluetooth_scan","associations":[],"usages":[],"interfaces":[],"type":"CLASS"},{"packageName":"com.ns3.simplify","superClass":null,"className":"BuildConfig","associations":[],"usages":[],"interfaces":[],"type":"CLASS"},{"packageName":"com.ns3.simplify","superClass":null,"className":"ExampleUnitTest","associations":[],"usages":[],"interfaces":[],"type":"CLASS"},{"packageName":"com.ns3.simplify","superClass":null,"className":"ListViewAdapter","associations":["com.ns3.simplify.ObjectItem"],"usages":["com.ns3.simplify.Attendance"],"interfaces":[],"type":"CLASS"},{"packageName":"com.ns3.simplify","superClass":null,"className":"Homescreen","associations":[],"usages":[],"interfaces":[],"type":"CLASS"},{"packageName":"com.ns3.simplify","superClass":null,"className":"Excel_sheet_access","associations":[],"usages":["com.ns3.simplify.Add_class"],"interfaces":[],"type":"CLASS"},{"packageName":"com.ns3.simplify","superClass":null,"className":"OnItemClickListenerListViewItem","associations":[],"usages":[],"interfaces":[],"type":"CLASS"},{"packageName":"com.ns3.simplify","superClass":null,"className":"ObjectItem","associations":[],"usages":["com.ns3.simplify.ListViewAdapter"],"interfaces":[],"type":"CLASS"},{"packageName":"com.ns3.simplify","superClass":null,"className":"R","associations":[],"usages":[],"interfaces":[],"type":"CLASS"},{"packageName":"com.skyfishjy.library","superClass":null,"className":"R","associations":[],"usages":[],"interfaces":[],"type":"CLASS"}]